{
  "version": "5",
  "dialect": "pg",
  "entries": [
    {
      "idx": 0,
      "version": "5",
      "when": 1704445276120,
      "tag": "0000_boring_red_hulk",
      "breakpoints": true
    },
    {
      "idx": 1,
      "version": "5",
      "when": 1704445829337,
      "tag": "0001_magenta_domino",
      "breakpoints": true
    },
    {
      "idx": 2,
      "version": "5",
      "when": 1704446030893,
      "tag": "0002_crazy_grandmaster",
      "breakpoints": true
    },
    {
      "idx": 3,
      "version": "5",
      "when": 1704446319416,
      "tag": "0003_yielding_alice",
      "breakpoints": true
    },
    {
      "idx": 4,
      "version": "5",
      "when": 1704446702349,
      "tag": "0004_wet_the_initiative",
      "breakpoints": true
    },
    {
      "idx": 5,
      "version": "5",
      "when": 1704447118871,
      "tag": "0005_oval_wallow",
      "breakpoints": true
    },
    {
      "idx": 6,
      "version": "5",
      "when": 1704475222948,
      "tag": "0006_youthful_brother_voodoo",
      "breakpoints": true
    },
    {
      "idx": 7,
      "version": "5",
      "when": 1704481873052,
      "tag": "0007_familiar_glorian",
      "breakpoints": true
    },
    {
      "idx": 8,
      "version": "5",
      "when": 1704487339734,
      "tag": "0008_useful_deathstrike",
      "breakpoints": true
    },
    {
      "idx": 9,
      "version": "5",
      "when": 1704558383513,
      "tag": "0009_worried_impossible_man",
      "breakpoints": true
    },
    {
      "idx": 10,
      "version": "5",
      "when": 1704561851958,
      "tag": "0010_shiny_gabe_jones",
      "breakpoints": true
    },
    {
      "idx": 11,
      "version": "5",
      "when": 1704716303018,
      "tag": "0011_polite_giant_girl",
      "breakpoints": true
    },
    {
      "idx": 12,
      "version": "5",
      "when": 1704716776122,
      "tag": "0012_mighty_triton",
      "breakpoints": true
    },
    {
      "idx": 13,
      "version": "5",
      "when": 1704924457869,
      "tag": "0013_calm_raider",
      "breakpoints": true
    }
  ]
}